ORDEN,UN_ADMIN,REGION,UNIDAD TERRITORIAL,Robo_Violencia,Robo_Sorpresa,Robo_Fuerza,Robo_Vehiculo,Robo_Accesorios_V,Robo_Lugar_Habitado,Robo_Lugar_No_Habitado,Otros_Robos,Hurtos,Lesiones,Lesiones_Leves,Lesiones_Graves,Homicidio,Violación
1,REGION,99,PAÍS,65.707,36.412,209.225,29.776,61.586,62.346,49.576,5.941,172.319,75.248,60.001,15.247,495,2.812
2,REGION,15,Región de Arica y Parinacota,618,451,2.154,579,549,532,389,105,1.762,1.079,733,346,6,50
3,PROVINCIA,15,Provincia de Arica,618,451,2.144,578,547,529,385,105,1.742,1.070,726,344,6,49
4,COMUNA,15,Arica,618,451,2.135,578,546,524,382,105,1.735,1.063,720,343,6,47
5,COMUNA,15,Camarones,0,0,9,0,1,5,3,0,7,7,6,1,0,2
6,PROVINCIA,15,Provincia de Parinacota,0,0,10,1,2,3,4,0,20,9,7,2,0,1
7,COMUNA,15,Putre,0,0,8,1,2,2,3,0,16,6,5,1,0,0
8,COMUNA,15,General Lagos,0,0,2,0,0,1,1,0,4,3,2,1,0,1
9,REGION,1,Región de Tarapacá,1.554,1.499,5.380,1.339,1.773,1.287,822,159,3.935,1.869,1.523,346,9,51
10,PROVINCIA,1,Provincia de Iquique,1.528,1.484,5.118,1.303,1.753,1.181,733,148,3.743,1.742,1.415,327,9,45
11,COMUNA,1,Iquique,1.132,1.262,3.538,842,1.415,616,540,125,2.952,1.089,892,197,8,25
12,COMUNA,1,Alto Hospicio,396,222,1.580,461,338,565,193,23,791,653,523,130,1,20
13,PROVINCIA,1,Provincia de Tamarugal,26,15,262,36,20,106,89,11,192,127,108,19,0,6
14,COMUNA,1,Camiña,0,0,3,0,0,1,1,1,1,8,7,1,0,0
15,COMUNA,1,Colchane,1,1,15,4,1,7,1,2,1,7,6,1,0,0
16,COMUNA,1,Huara,2,0,27,3,1,8,14,1,27,17,16,1,0,1
17,COMUNA,1,Pica,1,3,26,3,4,5,14,0,20,25,16,9,0,2
18,COMUNA,1,Pozo Almonte,22,11,191,26,14,85,59,7,143,70,63,7,0,3
19,REGION,2,Región de Antofagasta,1.930,1.173,7.946,1.754,1.999,2.348,1.702,143,8.257,3.613,3.014,599,25,97
20,PROVINCIA,2,Provincia de Antofagasta,1.208,667,4.245,1.025,1.080,1.159,930,51,5.702,2.038,1.714,324,16,54
21,COMUNA,2,Antofagasta,1.150,646,3.842,987,1.010,1.024,778,43,5.445,1.823,1.528,295,13,50
22,COMUNA,2,Mejillones,35,15,155,24,21,54,55,1,113,109,93,16,2,4
23,COMUNA,2,Sierra Gorda,3,2,93,11,18,17,42,5,48,17,17,0,0,0
24,COMUNA,2,Taltal,20,4,155,3,31,64,55,2,96,89,76,13,1,0
25,PROVINCIA,2,Provincia de El Loa,656,462,3.214,695,872,1.000,602,45,2.265,1.341,1.104,237,8,30
26,COMUNA,2,Calama,652,458,3.108,686,840,965,577,40,2.156,1.278,1.047,231,8,28
27,COMUNA,2,Ollagüe,0,0,5,0,1,2,2,0,1,2,2,0,0,0
28,COMUNA,2,San Pedro de Atacama,4,4,101,9,31,33,23,5,108,61,55,6,0,2
29,PROVINCIA,2,Provincia de Tocopilla,66,44,487,34,47,189,170,47,290,234,196,38,1,13
30,COMUNA,2,Tocopilla,61,42,436,27,46,184,137,42,262,207,174,33,1,12
31,COMUNA,2,María Elena,5,2,51,7,1,5,33,5,28,27,22,5,0,1
32,REGION,3,Región de Atacama,832,379,3.930,355,792,1.299,1.346,138,2.953,1.598,1.253,345,7,40
33,PROVINCIA,3,Provincia de Copiapó,700,333,3.115,330,661,954,1.056,114,2.291,1.165,933,232,5,33
34,COMUNA,3,Copiapó,615,304,2.578,300,625,755,800,98,2.016,877,703,174,4,29
35,COMUNA,3,Caldera,67,21,310,23,24,124,125,14,206,168,136,32,0,3
36,COMUNA,3,Tierra Amarilla,18,8,227,7,12,75,131,2,69,120,94,26,1,1
37,PROVINCIA,3,Provincia de Chañaral,38,2,307,8,14,160,114,11,199,153,116,37,1,2
38,COMUNA,3,Chañaral,29,1,205,5,14,97,83,6,134,92,70,22,1,1
39,COMUNA,3,Diego de Almagro,9,1,102,3,0,63,31,5,65,61,46,15,0,1
40,PROVINCIA,3,Provincia de Huasco,94,44,508,17,117,185,176,13,463,280,204,76,1,5
41,COMUNA,3,Vallenar,77,37,388,12,107,129,129,11,400,209,146,63,1,3
42,COMUNA,3,Alto del Carmen,1,0,14,0,1,6,7,0,11,10,8,2,0,0
43,COMUNA,3,Freirina,0,3,39,1,4,12,21,1,15,17,13,4,0,1
44,COMUNA,3,Huasco,16,4,67,4,5,38,19,1,37,44,37,7,0,1
45,REGION,4,Región de Coquimbo,1.667,1.106,9.925,848,2.355,4.000,2.450,272,6.613,3.438,2.830,608,13,116
46,PROVINCIA,4,Provincia de Elqui,1.297,766,7.427,726,1.930,2.859,1.708,204,4.844,2.453,2.011,442,9,92
47,COMUNA,4,La Serena,529,384,3.546,442,873,1.254,859,118,2.720,965,800,165,1,43
48,COMUNA,4,Coquimbo,723,355,3.420,278,981,1.426,676,59,1.825,1.202,966,236,7,34
49,COMUNA,4,Andacollo,11,6,68,0,8,37,20,3,39,86,77,9,0,1
50,COMUNA,4,La Higuera,8,1,152,2,45,43,46,16,19,26,26,0,0,1
51,COMUNA,4,Paiguano,0,0,22,0,0,9,11,2,20,41,38,3,1,4
52,COMUNA,4,Vicuña,26,20,219,4,23,90,96,6,221,133,104,29,0,9
53,PROVINCIA,4,Provincia de Choapa,103,118,993,14,125,464,354,36,416,361,300,61,3,9
54,COMUNA,4,Illapel,30,70,368,6,26,153,175,8,149,93,71,22,0,4
55,COMUNA,4,Canela,6,0,76,0,15,28,16,17,12,21,18,3,0,1
56,COMUNA,4,Los Vilos,46,16,342,4,62,195,71,10,133,138,121,17,2,2
57,COMUNA,4,Salamanca,21,32,207,4,22,88,92,1,122,109,90,19,1,2
58,PROVINCIA,4,Provincia de Limarí,267,222,1.505,108,300,677,388,32,1.353,624,519,105,1,15
59,COMUNA,4,Ovalle,239,207,1.303,101,291,575,306,30,1.223,430,363,67,0,11
60,COMUNA,4,Combarbalá,5,3,24,0,2,12,10,0,42,48,37,11,0,0
61,COMUNA,4,Monte Patria,8,8,83,4,3,41,35,0,58,100,80,20,0,2
62,COMUNA,4,Punitaqui,13,4,71,3,3,40,24,1,22,41,35,6,1,2
63,COMUNA,4,Río Hurtado,2,0,24,0,1,9,13,1,8,5,4,1,0,0
64,REGION,5,Región de Valparaíso,5.777,4.537,24.695,2.994,6.062,9.657,5.580,402,19.537,8.607,6.955,1.652,44,263
65,PROVINCIA,5,Provincia de Valparaíso,3.409,2.986,12.101,1.893,3.803,3.866,2.326,213,10.514,4.027,3.222,805,23,124
66,COMUNA,5,Valparaíso,1.924,1.869,4.701,816,1.277,1.517,1.003,88,3.816,1.780,1.449,331,14,60
67,COMUNA,5,Casablanca,40,19,342,25,73,132,108,4,234,161,127,34,0,7
68,COMUNA,5,Concón,117,51,759,106,350,172,111,20,364,252,199,53,0,2
69,COMUNA,5,Juan Fernández,0,0,3,0,1,1,0,1,1,12,12,0,0,1
70,COMUNA,5,Puchuncaví,31,17,548,23,102,318,100,5,169,116,95,21,0,3
71,COMUNA,5,Quintero,91,44,663,34,138,353,117,21,239,294,230,64,2,5
72,COMUNA,5,Viña del Mar,1.206,986,5.085,889,1.862,1.373,887,74,5.691,1.412,1.110,302,7,46
73,PROVINCIA,5,Provincia de Isla de Pascua,4,2,57,5,8,27,14,3,126,102,86,16,0,4
74,COMUNA,5,Isla de Pascua,4,2,57,5,8,27,14,3,126,102,86,16,0,4
75,PROVINCIA,5,Provincia de Los Andes,227,140,1.264,72,381,403,360,48,1.317,495,411,84,4,12
76,COMUNA,5,Los Andes,192,128,977,53,339,292,248,45,1.113,346,287,59,2,10
77,COMUNA,5,Calle Larga,16,5,106,6,18,48,34,0,57,37,29,8,1,0
78,COMUNA,5,Rinconada,7,2,71,7,6,26,31,1,49,51,42,9,1,1
79,COMUNA,5,San Esteban,12,5,110,6,18,37,47,2,98,61,53,8,0,1
80,PROVINCIA,5,Provincia de Petorca,55,79,682,13,73,364,222,10,454,302,249,53,1,4
81,COMUNA,5,La Ligua,38,59,323,5,27,174,111,6,261,161,136,25,1,3
82,COMUNA,5,Cabildo,13,10,116,2,20,51,42,1,48,74,55,19,0,1
83,COMUNA,5,Papudo,0,6,71,1,9,42,18,1,51,15,13,2,0,0
84,COMUNA,5,Petorca,0,2,41,2,0,23,16,0,14,25,21,4,0,0
85,COMUNA,5,Zapallar,4,2,131,3,17,74,35,2,80,27,24,3,0,0
86,PROVINCIA,5,Provincia de Quillota,286,168,1.538,86,280,529,625,18,1.562,575,432,143,4,15
87,COMUNA,5,Quillota,123,78,702,55,150,236,252,9,780,270,221,49,2,9
88,COMUNA,5,La Calera,99,72,445,19,74,138,207,7,607,152,99,53,0,3
89,COMUNA,5,Hijuelas,19,2,106,5,28,27,45,1,66,46,34,12,2,0
90,COMUNA,5,La Cruz,22,12,162,4,15,66,76,1,46,45,33,12,0,0
91,COMUNA,5,Nogales,23,4,123,3,13,62,45,0,63,62,45,17,0,3
92,PROVINCIA,5,Provincia de San Antonio,487,281,3.499,244,506,2.134,575,40,1.538,1.105,900,205,5,32
93,COMUNA,5,San Antonio,263,205,1.077,169,232,357,301,18,830,544,446,98,1,16
94,COMUNA,5,Algarrobo,23,11,534,9,56,384,80,5,184,74,52,22,0,1
95,COMUNA,5,Cartagena,121,35,629,34,105,392,88,10,236,201,161,40,2,9
96,COMUNA,5,El Quisco,43,13,548,11,54,446,37,0,141,140,114,26,1,4
97,COMUNA,5,El Tabo,30,13,519,15,43,425,32,4,116,114,96,18,1,1
98,COMUNA,5,Santo Domingo,7,4,192,6,16,130,37,3,31,32,31,1,0,1
99,PROVINCIA,5,Provincia de San Felipe de Aconcagua,365,316,1.961,144,457,726,596,38,1.311,860,699,161,2,34
100,COMUNA,5,San Felipe,255,246,1.383,116,387,487,360,33,923,478,402,76,1,21
101,COMUNA,5,Catemu,19,13,77,2,5,30,40,0,58,67,43,24,0,1
102,COMUNA,5,Llaillay,61,32,230,7,33,108,80,2,155,155,121,34,1,6
103,COMUNA,5,Panquehue,4,8,47,4,5,12,26,0,50,30,24,6,0,3
104,COMUNA,5,Putaendo,11,5,103,4,12,48,36,3,70,61,51,10,0,0
105,COMUNA,5,Santa María,15,12,121,11,15,41,54,0,55,69,58,11,0,3
106,PROVINCIA,5,Provincia de Marga Marga,944,565,3.593,537,554,1.608,862,32,2.715,1.141,956,185,5,38
107,COMUNA,5,Quilpué,531,328,1.863,307,323,755,460,18,1.503,518,422,96,3,15
108,COMUNA,5,Villa Alemana,344,196,1.287,190,191,657,241,8,813,410,350,60,1,16
109,COMUNA,5,Limache,59,37,318,36,31,125,121,5,345,166,146,20,1,5
110,COMUNA,5,Olmué,10,4,125,4,9,71,40,1,54,47,38,9,0,2
111,REGION,6,Región del Lib. Bernardo O'Higgins,1.629,1.011,10.096,836,1.842,3.842,3.246,330,8.553,4.191,3.347,844,15,116
112,PROVINCIA,6,Provincia de Cachapoal,1.297,803,7.848,716,1.466,2.873,2.510,283,6.305,3.107,2.485,622,12,94
113,COMUNA,6,Rancagua,825,572,4.109,470,1.062,1.230,1.182,165,3.625,1.311,1.071,240,9,39
114,COMUNA,6,Codegua,18,1,221,9,12,106,91,3,45,72,55,17,0,4
115,COMUNA,6,Coinco,5,0,66,4,3,37,21,1,38,32,25,7,0,2
116,COMUNA,6,Coltauco,11,3,65,3,2,30,30,0,45,37,30,7,0,3
117,COMUNA,6,Doñihue,15,5,260,27,14,136,81,2,67,97,83,14,1,1
118,COMUNA,6,Graneros,70,27,298,35,41,133,83,6,283,189,144,45,0,4
119,COMUNA,6,Las Cabras,13,8,144,4,7,75,56,2,129,104,76,28,0,3
120,COMUNA,6,Machalí,54,15,531,38,64,256,153,20,194,164,121,43,0,4
121,COMUNA,6,Malloa,20,2,88,4,9,34,41,0,73,52,43,9,1,0
122,COMUNA,6,Mostazal,49,15,342,15,69,93,155,10,225,160,115,45,0,2
123,COMUNA,6,Olivar,13,6,159,11,21,64,61,2,72,80,68,12,0,4
124,COMUNA,6,Peumo,14,7,125,4,7,40,72,2,107,76,67,9,0,3
125,COMUNA,6,Pichidegua,9,3,46,1,2,12,26,5,60,61,51,10,0,1
126,COMUNA,6,Quinta de Tilcoco,16,7,71,3,4,37,25,2,79,45,35,10,0,5
127,COMUNA,6,Rengo,115,92,639,39,84,287,192,37,694,386,303,83,0,4
128,COMUNA,6,Requínoa,31,21,412,27,44,188,149,4,162,112,96,16,0,5
129,COMUNA,6,San Vicente,19,19,272,22,21,115,92,22,407,129,102,27,1,10
130,PROVINCIA,6,Provincia de Cardenal Caro,36,8,306,14,29,137,121,5,283,180,132,48,1,6
131,COMUNA,6,Pichilemu,25,6,157,7,22,79,44,5,219,107,72,35,0,3
132,COMUNA,6,La Estrella,2,0,16,0,0,5,11,0,12,4,3,1,0,0
133,COMUNA,6,Litueche,3,1,33,1,1,14,17,0,15,22,19,3,0,1
134,COMUNA,6,Marchigüe,4,0,30,3,0,7,20,0,15,14,12,2,0,2
135,COMUNA,6,Navidad,2,1,56,3,4,28,21,0,17,20,16,4,0,0
136,COMUNA,6,Paredones,0,0,14,0,2,4,8,0,5,13,10,3,1,0
137,PROVINCIA,6,Provincia de Colchagua,296,200,1.942,106,347,832,615,42,1.965,904,730,174,2,16
138,COMUNA,6,San Fernando,198,152,1.159,75,269,514,272,29,986,463,387,76,1,9
139,COMUNA,6,Chépica,3,2,29,1,2,7,19,0,49,43,37,6,0,0
140,COMUNA,6,Chimbarongo,30,18,222,5,34,89,90,4,140,102,78,24,1,0
141,COMUNA,6,Lolol,3,1,34,0,1,12,21,0,28,15,11,4,0,0
142,COMUNA,6,Nancagua,10,6,85,1,5,25,53,1,88,65,45,20,0,0
143,COMUNA,6,Palmilla,4,1,59,2,2,23,30,2,35,23,19,4,0,0
144,COMUNA,6,Peralillo,11,0,41,0,4,19,18,0,39,31,21,10,0,1
145,COMUNA,6,Placilla,2,1,46,1,1,24,20,0,44,25,16,9,0,1
146,COMUNA,6,Pumanque,0,0,16,0,1,7,8,0,7,9,7,2,0,2
147,COMUNA,6,Santa Cruz,35,19,251,21,28,112,84,6,549,128,109,19,0,3
148,REGION,7,Región del Maule,1.410,1.118,9.130,494,1.465,3.696,3.091,384,10.072,3.878,3.097,781,27,119
149,PROVINCIA,7,Provincia de Talca,722,609,4.043,261,716,1.580,1.292,194,4.625,1.664,1.333,331,13,49
150,COMUNA,7,Talca,627,565,2.883,228,590,1.083,826,156,3.775,1.026,839,187,7,26
151,COMUNA,7,Constitución,26,15,326,10,38,101,166,11,381,238,190,48,2,9
152,COMUNA,7,Curepto,5,0,33,0,4,13,15,1,21,43,31,12,0,1
153,COMUNA,7,Empedrado,3,1,20,1,1,7,9,2,35,17,17,0,0,0
154,COMUNA,7,Maule,31,11,394,16,55,223,99,1,176,132,101,31,2,4
155,COMUNA,7,Pelarco,1,2,44,0,2,20,17,5,27,23,14,9,0,1
156,COMUNA,7,Pencahue,2,1,42,1,4,13,22,2,21,26,19,7,0,3
157,COMUNA,7,Río Claro,2,2,95,1,2,47,40,5,27,31,28,3,1,0
158,COMUNA,7,San Clemente,18,9,118,1,8,34,67,8,97,96,65,31,1,5
159,COMUNA,7,San Rafael,7,3,88,3,12,39,31,3,65,32,29,3,0,0
160,PROVINCIA,7,Provincia de Cauquenes,42,23,300,15,14,145,112,14,351,196,148,48,2,9
161,COMUNA,7,Cauquenes,34,19,201,13,10,93,74,11,243,128,96,32,2,7
162,COMUNA,7,Chanco,2,1,45,2,3,19,18,3,48,26,20,6,0,2
163,COMUNA,7,Pelluhue,6,3,54,0,1,33,20,0,60,42,32,10,0,0
164,PROVINCIA,7,Provincia de Curicó,390,284,2.544,113,438,970,955,68,2.997,956,773,183,8,25
165,COMUNA,7,Curicó,262,247,1.746,70,369,666,586,55,2.207,550,456,94,5,11
166,COMUNA,7,Hualañé,4,2,25,0,0,4,20,1,9,15,15,0,1,1
167,COMUNA,7,Licantén,4,3,37,0,5,18,14,0,47,33,27,6,0,1
168,COMUNA,7,Molina,63,23,312,17,35,121,129,10,453,187,142,45,2,5
169,COMUNA,7,Rauco,10,1,65,2,2,35,26,0,26,22,14,8,0,1
170,COMUNA,7,Romeral,11,5,93,6,7,30,50,0,71,40,34,6,0,3
171,COMUNA,7,Sagrada Familia,11,0,67,3,6,23,35,0,67,37,30,7,0,2
172,COMUNA,7,Teno,24,3,174,13,12,63,84,2,101,63,50,13,0,1
173,COMUNA,7,Vichuquén,1,0,25,2,2,10,11,0,16,9,5,4,0,0
174,PROVINCIA,7,Provincia de Linares,256,202,2.243,105,297,1.001,732,108,2.099,1.062,843,219,4,36
175,COMUNA,7,Linares,133,153,1.063,41,173,489,305,55,1.122,322,270,52,0,7
176,COMUNA,7,Colbún,14,4,112,1,4,59,46,2,74,58,47,11,0,3
177,COMUNA,7,Longaví,15,4,115,4,16,50,42,3,124,111,85,26,1,7
178,COMUNA,7,Parral,45,23,321,27,46,120,114,14,272,190,137,53,1,8
179,COMUNA,7,Retiro,4,2,103,4,7,42,45,5,27,51,39,12,0,1
180,COMUNA,7,San Javier,34,16,351,20,33,171,114,13,341,203,161,42,1,7
181,COMUNA,7,Villa Alegre,6,0,81,4,9,35,25,8,64,66,53,13,1,1
182,COMUNA,7,Yerbas Buenas,5,0,97,4,9,35,41,8,75,61,51,10,0,2
183,REGION,8,Región del Biobío,5.541,3.507,21.005,2.727,4.376,7.339,6.009,554,19.024,7.934,6.102,1.832,64,303
184,PROVINCIA,8,Provincia de Concepción,4.098,2.136,11.559,1.997,2.659,3.492,3.146,265,10.496,4.091,3.126,965,39,137
185,COMUNA,8,Concepción,1.708,1.124,4.172,760,1.256,926,1.096,134,5.419,1.086,855,231,11,61
186,COMUNA,8,Coronel,393,169,1.278,201,84,549,425,19,755,525,360,165,8,10
187,COMUNA,8,Chiguayante,204,101,552,61,116,263,109,3,391,304,239,65,0,7
188,COMUNA,8,Florida,9,1,130,10,4,72,44,0,73,37,34,3,0,1
189,COMUNA,8,Hualqui,38,24,196,17,16,91,70,2,130,105,86,19,1,6
190,COMUNA,8,Lota,194,99,521,33,29,198,245,16,239,246,190,56,2,11
191,COMUNA,8,Penco,132,69,345,68,65,86,120,6,237,219,174,45,0,5
192,COMUNA,8,San Pedro de La Paz,383,185,1.312,222,340,480,245,25,527,454,318,136,8,9
193,COMUNA,8,Santa Juana,15,4,152,7,3,94,47,1,86,63,51,12,1,2
194,COMUNA,8,Talcahuano,548,212,1.558,271,446,382,428,31,1.560,563,432,131,4,13
195,COMUNA,8,Tomé,90,23,351,49,25,115,158,4,338,234,186,48,2,7
196,COMUNA,8,Hualpén,384,125,992,298,275,236,159,24,741,255,201,54,2,5
197,PROVINCIA,8,Provincia de Arauco,203,235,1.275,40,98,641,479,17,1.140,794,616,178,6,28
198,COMUNA,8,Lebu,16,29,109,4,11,62,28,4,162,143,122,21,0,3
199,COMUNA,8,Arauco,40,32,353,5,24,161,159,4,312,136,106,30,1,8
200,COMUNA,8,Cañete,53,87,304,18,32,144,105,5,252,189,145,44,1,7
201,COMUNA,8,Contulmo,5,2,38,3,0,22,13,0,43,31,23,8,2,1
202,COMUNA,8,Curanilahue,61,59,316,7,23,179,106,1,211,143,108,35,2,2
203,COMUNA,8,Los Álamos,21,17,105,3,8,42,51,1,103,110,83,27,0,5
204,COMUNA,8,Tirúa,7,9,50,0,0,31,17,2,57,42,29,13,0,2
205,PROVINCIA,8,Provincia de Biobío,635,623,4.121,375,918,1.521,1.193,114,3.744,1.416,1.110,306,8,67
206,COMUNA,8,Los Ángeles,492,590,3.011,307,795,1.085,779,45,2.949,742,577,165,5,28
207,COMUNA,8,Antuco,3,0,14,1,3,3,6,1,10,9,8,1,0,0
208,COMUNA,8,Cabrero,29,4,276,10,30,102,106,28,170,110,81,29,0,3
209,COMUNA,8,Laja,17,1,131,5,5,79,33,9,68,70,62,8,0,7
210,COMUNA,8,Mulchén,29,8,161,6,28,48,65,14,133,72,61,11,0,7
211,COMUNA,8,Nacimiento,18,8,126,15,10,41,59,1,68,69,58,11,2,4
212,COMUNA,8,Negrete,4,3,56,4,8,25,17,2,18,31,22,9,1,0
213,COMUNA,8,Quilaco,0,0,11,1,0,6,4,0,16,11,7,4,0,0
214,COMUNA,8,Quilleco,6,0,32,1,3,7,17,4,33,34,23,11,0,0
215,COMUNA,8,San Rosendo,2,0,13,1,0,5,6,1,18,19,17,2,0,0
216,COMUNA,8,Santa Bárbara,8,3,102,4,12,45,37,4,101,58,46,12,0,7
217,COMUNA,8,Tucapel,9,3,67,10,13,23,18,3,39,64,57,7,0,4
218,COMUNA,8,Yumbel,17,2,110,10,8,51,39,2,103,87,67,20,0,4
219,COMUNA,8,Alto Biobío,1,1,11,0,3,1,7,0,18,40,24,16,0,3
220,PROVINCIA,8,Provincia de Ñuble,605,513,4.050,315,701,1.685,1.191,158,3.644,1.633,1.250,383,11,71
221,COMUNA,8,Chillán,353,426,1.961,198,441,737,505,80,2.308,609,453,156,2,32
222,COMUNA,8,Bulnes,17,8,141,10,22,60,45,4,106,83,66,17,0,0
223,COMUNA,8,Cobquecura,1,0,30,0,2,13,15,0,19,16,11,5,0,1
224,COMUNA,8,Coelemu,11,2,94,4,14,27,43,6,82,70,56,14,1,3
225,COMUNA,8,Coihueco,10,4,139,10,13,61,49,6,55,79,57,22,2,0
226,COMUNA,8,Chillán Viejo,30,20,270,14,45,112,92,7,102,76,58,18,1,5
227,COMUNA,8,El Carmen,3,1,28,1,5,10,12,0,41,38,29,9,0,0
228,COMUNA,8,Ninhue,1,0,9,1,0,2,2,4,7,7,7,0,0,0
229,COMUNA,8,Ñiquén,5,0,85,3,32,22,24,4,25,40,31,9,1,0
230,COMUNA,8,Pemuco,16,1,41,0,7,15,15,4,31,40,29,11,0,0
231,COMUNA,8,Pinto,4,1,53,2,9,29,12,1,29,29,23,6,1,1
232,COMUNA,8,Portezuelo,2,0,6,1,1,2,1,1,13,14,8,6,0,0
233,COMUNA,8,Quillón,26,6,305,6,12,189,95,3,104,74,64,10,2,2
234,COMUNA,8,Quirihue,7,2,52,7,6,20,19,0,50,47,39,8,0,3
235,COMUNA,8,Ránquil,3,1,15,1,2,5,7,0,12,16,8,8,0,0
236,COMUNA,8,San Carlos,94,38,504,44,74,247,122,17,449,221,182,39,0,15
237,COMUNA,8,San Fabián,4,0,44,3,0,13,28,0,31,17,11,6,1,0
238,COMUNA,8,San Ignacio,1,0,40,3,0,20,15,2,38,40,25,15,0,3
239,COMUNA,8,San Nicolás,1,0,60,6,7,20,25,2,25,27,22,5,0,3
240,COMUNA,8,Treguaco,2,0,17,0,0,6,10,1,22,14,12,2,0,1
241,COMUNA,8,Yungay,14,3,156,1,9,75,55,16,95,76,59,17,0,2
242,REGION,9,Región de La Araucanía,1.547,1.331,9.907,1.518,1.574,3.902,2.609,304,9.808,4.100,3.227,873,27,194
243,PROVINCIA,9,Provincia de Cautín,1.288,1.142,8.156,1.435,1.437,3.125,1.979,180,8.186,2.922,2.310,612,18,142
244,COMUNA,9,Temuco,876,899,4.769,1.163,1.103,1.475,915,113,4.899,1.169,978,191,8,45
245,COMUNA,9,Carahue,15,10,93,13,11,35,34,0,121,84,64,20,0,4
246,COMUNA,9,Cunco,7,3,106,6,8,57,35,0,80,57,49,8,0,5
247,COMUNA,9,Curarrehue,1,0,37,0,1,18,16,2,36,39,23,16,0,0
248,COMUNA,9,Freire,22,9,158,12,14,73,55,4,103,92,74,18,0,7
249,COMUNA,9,Galvarino,5,2,42,6,1,19,15,1,33,53,41,12,1,2
250,COMUNA,9,Gorbea,15,9,99,11,4,47,36,1,83,57,48,9,0,5
251,COMUNA,9,Lautaro,23,14,256,9,32,92,101,22,210,126,100,26,1,7
252,COMUNA,9,Loncoche,39,10,222,13,20,131,55,3,177,91,69,22,0,2
253,COMUNA,9,Melipeuco,3,0,47,0,4,19,24,0,15,16,13,3,0,2
254,COMUNA,9,Nueva Imperial,33,43,139,11,21,63,42,2,224,152,115,37,0,8
255,COMUNA,9,Padre Las Casas,108,40,610,114,70,243,179,4,296,180,134,46,3,20
256,COMUNA,9,Perquenco,3,1,30,1,2,7,15,5,38,28,22,6,0,3
257,COMUNA,9,Pitrufquén,23,16,167,6,13,78,65,5,165,100,74,26,1,5
258,COMUNA,9,Pucón,31,20,400,10,47,230,108,5,789,135,93,42,0,8
259,COMUNA,9,Saavedra,7,1,42,1,3,17,20,1,28,57,41,16,2,1
260,COMUNA,9,Teodoro Schmidt,8,2,62,2,2,28,26,4,40,53,43,10,0,5
261,COMUNA,9,Toltén,1,0,21,1,2,6,11,1,25,35,23,12,0,1
262,COMUNA,9,Vilcún,12,5,204,15,14,102,72,1,98,102,75,27,1,0
263,COMUNA,9,Villarrica,53,57,613,37,63,366,143,4,659,248,191,57,1,12
264,COMUNA,9,Cholchol,3,1,39,4,2,19,12,2,67,48,40,8,0,0
265,PROVINCIA,9,Provincia de Malleco,259,189,1.751,83,137,777,630,124,1.622,1.178,917,261,9,52
266,COMUNA,9,Angol,93,119,576,41,58,261,181,35,549,299,244,55,2,7
267,COMUNA,9,Collipulli,42,15,299,10,22,138,104,25,224,137,112,25,2,6
268,COMUNA,9,Curacautín,8,3,91,2,10,34,45,0,116,91,66,25,0,5
269,COMUNA,9,Ercilla,29,3,70,4,3,18,44,1,49,44,27,17,0,3
270,COMUNA,9,Lonquimay,4,1,17,0,2,7,8,0,24,43,31,12,1,1
271,COMUNA,9,Los Sauces,11,3,56,0,3,20,18,15,45,40,32,8,0,0
272,COMUNA,9,Lumaco,4,0,44,0,1,19,24,0,39,54,37,17,1,2
273,COMUNA,9,Purén,4,4,80,4,4,29,29,14,68,51,38,13,0,6
274,COMUNA,9,Renaico,15,5,98,5,10,50,31,2,84,77,58,19,0,2
275,COMUNA,9,Traiguén,23,11,127,6,11,52,50,8,176,122,88,34,2,9
276,COMUNA,9,Victoria,26,25,293,11,13,149,96,24,248,220,184,36,1,11
277,REGION,14,Región de Los Ríos,424,339,3.847,244,711,1.681,1.074,137,3.783,1.606,1.269,337,14,82
278,PROVINCIA,14,Provincia de Valdivia,372,316,3.383,202,680,1.505,869,127,3.153,1.239,986,253,7,64
279,COMUNA,14,Valdivia,304,298,2.578,185,621,1.103,558,111,2.285,650,518,132,3,37
280,COMUNA,14,Corral,0,0,20,0,2,8,10,0,42,33,27,6,0,1
281,COMUNA,14,Mariquina,23,4,202,2,11,116,69,4,158,78,58,20,0,7
282,COMUNA,14,Paillaco,7,2,82,3,8,36,30,5,120,105,90,15,0,3
283,COMUNA,14,Panguipulli,9,5,204,2,12,105,80,5,282,189,136,53,0,8
284,COMUNA,14,Lanco,10,3,105,6,12,48,39,0,94,74,64,10,3,1
285,COMUNA,14,Los Lagos,12,2,141,4,10,59,66,2,132,66,56,10,0,7
286,COMUNA,14,Máfil,7,2,51,0,4,30,17,0,40,44,37,7,1,0
287,PROVINCIA,14,Provincia de Ranco,52,23,464,42,31,176,205,10,630,367,283,84,7,18
288,COMUNA,14,Futrono,5,1,91,1,3,43,44,0,49,45,31,14,2,2
289,COMUNA,14,La Unión,21,8,145,12,19,43,66,5,329,150,120,30,0,6
290,COMUNA,14,Lago Ranco,1,1,28,0,1,9,18,0,31,38,26,12,1,1
291,COMUNA,14,Río Bueno,25,13,200,29,8,81,77,5,221,134,106,28,4,9
292,REGION,10,Región de Los Lagos,1.025,728,7.474,399,1.683,2.698,2.543,151,9.575,3.585,2.824,761,20,170
293,PROVINCIA,10,Provincia de Llanquihue,635,454,4.799,271,1.173,1.692,1.590,73,5.190,1.863,1.509,354,12,80
294,COMUNA,10,Puerto Montt,512,407,3.794,220,982,1.318,1.217,57,4.169,1.170,953,217,10,48
295,COMUNA,10,Calbuco,11,4,122,4,9,44,62,3,121,151,114,37,0,13
296,COMUNA,10,Cochamó,1,0,9,0,1,4,4,0,10,16,14,2,0,0
297,COMUNA,10,Fresia,0,0,44,0,2,18,23,1,64,60,44,16,1,3
298,COMUNA,10,Frutillar,12,1,117,9,21,48,38,1,119,69,57,12,0,3
299,COMUNA,10,Los Muermos,10,1,51,3,3,23,20,2,63,53,41,12,0,2
300,COMUNA,10,Llanquihue,31,12,75,6,6,34,29,0,86,84,72,12,0,2
301,COMUNA,10,Maullín,10,1,40,0,0,17,23,0,56,55,45,10,0,3
302,COMUNA,10,Puerto Varas,48,28,547,29,149,186,174,9,502,205,169,36,1,6
303,PROVINCIA,10,Provincia de Chiloé,130,99,997,15,145,376,436,25,1.381,739,570,169,3,41
304,COMUNA,10,Castro,57,62,387,9,79,157,136,6,702,222,176,46,0,13
305,COMUNA,10,Ancud,23,13,279,2,30,111,130,6,253,163,132,31,0,10
306,COMUNA,10,Chonchi,8,4,60,0,3,25,31,1,82,57,46,11,0,2
307,COMUNA,10,Curaco de Vélez,2,0,14,0,0,4,10,0,7,6,4,2,0,0
308,COMUNA,10,Dalcahue,6,2,55,3,6,15,25,6,56,48,41,7,3,6
309,COMUNA,10,Puqueldón,1,0,3,0,0,2,1,0,8,13,10,3,0,1
310,COMUNA,10,Queilén,0,0,14,0,0,5,9,0,12,17,13,4,0,1
311,COMUNA,10,Quellón,32,14,151,1,25,49,71,5,219,165,112,53,0,4
312,COMUNA,10,Quemchi,0,0,14,0,1,4,8,1,12,13,10,3,0,2
313,COMUNA,10,Quinchao,1,4,20,0,1,4,15,0,30,35,26,9,0,2
314,PROVINCIA,10,Provincia de Osorno,259,175,1.622,112,359,606,492,53,2.910,910,693,217,5,44
315,COMUNA,10,Osorno,226,162,1.317,101,339,482,350,45,2.621,606,462,144,4,26
316,COMUNA,10,Puerto Octay,2,0,42,0,3,12,26,1,40,42,31,11,0,4
317,COMUNA,10,Purranque,17,7,69,4,9,28,24,4,81,93,80,13,0,3
318,COMUNA,10,Puyehue,3,2,47,2,2,14,29,0,43,56,39,17,1,6
319,COMUNA,10,Río Negro,8,2,53,2,2,30,16,3,56,58,38,20,0,2
320,COMUNA,10,San Juan de la Costa,2,1,40,0,0,18,22,0,30,32,24,8,0,0
321,COMUNA,10,San Pablo,1,1,54,3,4,22,25,0,39,23,19,4,0,3
322,PROVINCIA,10,Provincia de Palena,1,0,56,1,6,24,25,0,94,73,52,21,0,5
323,COMUNA,10,Chaitén,0,0,8,0,1,1,6,0,17,13,10,3,0,1
324,COMUNA,10,Futaleufú,0,0,5,0,0,2,3,0,15,11,9,2,0,0
325,COMUNA,10,Hualaihué,1,0,39,1,5,19,14,0,51,41,27,14,0,4
326,COMUNA,10,Palena,0,0,4,0,0,2,2,0,11,8,6,2,0,0
327,REGION,11,Región de Aysén,71,26,510,50,60,175,210,15,1.169,690,486,204,4,15
328,PROVINCIA,11,Provincia de Coyhaique,52,25,334,50,47,113,116,8,811,379,256,123,3,10
329,COMUNA,11,Coyhaique,52,25,329,50,47,111,113,8,805,374,253,121,3,10
330,COMUNA,11,Lago Verde,0,0,5,0,0,2,3,0,6,5,3,2,0,0
331,PROVINCIA,11,Provincia de Aysén,19,1,120,0,11,45,59,5,261,232,175,57,0,3
332,COMUNA,11,Aysén,18,1,101,0,11,41,44,5,230,180,143,37,0,2
333,COMUNA,11,Cisnes,0,0,18,0,0,3,15,0,22,26,19,7,0,0
334,COMUNA,11,Guaitecas,1,0,1,0,0,1,0,0,9,26,13,13,0,1
335,PROVINCIA,11,Provincia de Capitán Prat,0,0,25,0,2,8,15,0,42,32,16,16,1,0
336,COMUNA,11,Cochrane,0,0,21,0,1,7,13,0,32,16,7,9,1,0
337,COMUNA,11,O'Higgins,0,0,2,0,0,0,2,0,7,6,4,2,0,0
338,COMUNA,11,Tortel,0,0,2,0,1,1,0,0,3,10,5,5,0,0
339,PROVINCIA,11,Provincia de General Carrera,0,0,31,0,0,9,20,2,55,47,39,8,0,2
340,COMUNA,11,Chile Chico,0,0,21,0,0,4,17,0,38,33,28,5,0,0
341,COMUNA,11,Río Ibáñez,0,0,10,0,0,5,3,2,17,14,11,3,0,2
342,REGION,12,Región de Magallanes,112,29,1.002,274,162,279,262,25,1.568,684,525,159,5,25
343,PROVINCIA,12,Provincia de Magallanes,99,26,843,256,151,237,177,22,1.237,514,389,125,4,23
344,COMUNA,12,Punta Arenas,99,26,836,256,151,237,170,22,1.228,506,386,120,4,23
345,COMUNA,12,Laguna Blanca,0,0,0,0,0,0,0,0,0,1,0,1,0,0
346,COMUNA,12,Río Verde,0,0,1,0,0,0,1,0,0,0,0,0,0,0
347,COMUNA,12,San Gregorio,0,0,6,0,0,0,6,0,9,7,3,4,0,0
348,PROVINCIA,12,Provincia de Antártica Chilena,0,0,4,0,0,0,4,0,3,6,5,1,0,0
349,COMUNA,12,Cabo de Hornos,0,0,4,0,0,0,4,0,3,6,5,1,0,0
350,COMUNA,12,Antártica,0,0,0,0,0,0,0,0,0,0,0,0,0,0
351,PROVINCIA,12,Provincia de Tierra del Fuego,4,0,44,0,5,8,31,0,59,49,41,8,0,2
352,COMUNA,12,Porvenir,4,0,40,0,5,8,27,0,55,46,39,7,0,2
353,COMUNA,12,Primavera,0,0,3,0,0,0,3,0,4,3,2,1,0,0
354,COMUNA,12,Timaukel,0,0,1,0,0,0,1,0,0,0,0,0,0,0
355,PROVINCIA,12,Provincia de Última Esperanza,9,3,111,18,6,34,50,3,269,115,90,25,1,0
356,COMUNA,12,Natales,9,3,110,18,6,34,49,3,252,114,90,24,1,0
357,COMUNA,12,Torres del Paine,0,0,1,0,0,0,1,0,17,1,0,1,0,0
358,REGION,13,Región Metropolitana,41.541,19.168,92.166,15.364,36.183,19.585,18.223,2.811,65.621,28.350,22.796,5.554,215,976
359,PROVINCIA,13,Provincia de Santiago,33.100,16.205,73.978,12.944,31.272,13.481,13.884,2.397,54.590,20.945,16.974,3.971,161,724
360,COMUNA,13,Santiago,4.302,3.834,9.509,1.917,4.034,1.007,2.032,519,9.739,2.499,2.060,439,15,91
361,COMUNA,13,Cerrillos,601,227,1.310,240,530,206,295,39,1.201,436,358,78,0,6
362,COMUNA,13,Cerro Navia,587,181,713,144,93,278,191,7,335,466,307,159,8,21
363,COMUNA,13,Conchalí,728,278,1.040,299,298,191,233,19,691,537,437,100,5,18
364,COMUNA,13,El Bosque,1.026,369,1.251,440,269,277,245,20,917,563,476,87,9,28
365,COMUNA,13,Estación Central,1.245,1.282,1.891,414,690,339,386,62,2.819,724,546,178,6,36
366,COMUNA,13,Huechuraba,516,195,1.359,246,656,172,266,19,1.340,369,290,79,2,14
367,COMUNA,13,Independencia,612,312,1.227,419,352,179,251,26,606,432,337,95,1,23
368,COMUNA,13,La Cisterna,1.113,399,1.354,360,447,254,270,23,665,437,375,62,5,10
369,COMUNA,13,La Florida,2.470,841,5.073,528,2.583,996,739,227,5.405,1.571,1.243,328,9,50
370,COMUNA,13,La Granja,904,332,1.057,251,284,291,207,24,393,566,457,109,4,20
371,COMUNA,13,La Pintana,1.237,284,1.242,398,212,352,264,16,649,858,641,217,9,44
372,COMUNA,13,La Reina,375,140,2.335,216,1.244,543,276,56,1.788,300,253,47,2,4
373,COMUNA,13,Las Condes,952,413,5.792,539,3.392,853,820,188,4.466,552,472,80,1,11
374,COMUNA,13,Lo Barnechea,277,63,1.032,92,509,249,157,25,837,337,270,67,2,8
375,COMUNA,13,Lo Espejo,654,320,637,122,206,147,133,29,246,403,301,102,8,17
376,COMUNA,13,Lo Prado,542,203,595,160,109,150,161,15,560,365,295,70,4,10
377,COMUNA,13,Macul,672,289,1.611,216,776,319,238,62,540,333,284,49,2,10
378,COMUNA,13,Maipú,2.258,805,4.644,920,1.571,1.228,813,112,3.065,1.405,1.160,245,4,55
379,COMUNA,13,Ñuñoa,1.047,496,4.934,746,2.382,782,830,194,1.893,659,584,75,7,16
380,COMUNA,13,Pedro Aguirre Cerda,473,237,849,143,355,203,135,13,306,463,367,96,3,12
381,COMUNA,13,Peñalolén,840,386,2.341,332,1.083,587,303,36,1.524,959,814,145,7,33
382,COMUNA,13,Providencia,1.435,1.171,5.829,626,3.133,676,1.084,310,5.873,737,621,116,0,12
383,COMUNA,13,Pudahuel,1.284,353,1.876,380,564,472,411,49,1.165,815,651,164,12,33
384,COMUNA,13,Quilicura,998,390,2.381,422,655,640,638,26,1.359,773,634,139,5,26
385,COMUNA,13,Quinta Normal,990,279,1.853,505,516,380,418,34,732,537,431,106,4,23
386,COMUNA,13,Recoleta,1.583,977,2.082,416,788,322,523,33,1.503,911,741,170,10,32
387,COMUNA,13,Renca,806,249,1.122,241,189,333,311,48,484,662,512,150,6,28
388,COMUNA,13,San Joaquín,545,188,985,172,373,199,232,9,377,397,310,87,7,9
389,COMUNA,13,San Miguel,1.024,328,2.342,403,1.104,357,424,54,1.346,399,349,50,1,9
390,COMUNA,13,San Ramón,583,241,816,234,161,220,179,22,768,323,268,55,3,10
391,COMUNA,13,Vitacura,421,143,2.896,403,1.714,279,419,81,998,157,130,27,0,5
392,PROVINCIA,13,Provincia de Cordillera,3.262,1.068,5.533,933,1.762,1.769,961,108,4.558,2.615,2.095,520,9,88
393,COMUNA,13,Puente Alto,3.213,1.052,4.957,915,1.636,1.496,813,97,4.382,2.410,1.927,483,9,81
394,COMUNA,13,Pirque,27,11,311,10,43,181,69,8,89,68,52,16,0,2
395,COMUNA,13,San José de Maipo,22,5,265,8,83,92,79,3,87,137,116,21,0,5
396,PROVINCIA,13,Provincia de Chacabuco,1.006,250,2.986,232,946,1.032,740,36,1.286,1.103,830,273,15,41
397,COMUNA,13,Colina,622,180,1.839,133,800,481,402,23,827,596,428,168,10,26
398,COMUNA,13,Lampa,336,61,979,94,133,481,264,7,385,407,323,84,4,13
399,COMUNA,13,Tiltil,48,9,168,5,13,70,74,6,74,100,79,21,1,2
400,PROVINCIA,13,Provincia de Maipo,3.019,1.056,5.221,994,1.481,1.367,1.204,175,2.901,1.923,1.540,383,18,70
401,COMUNA,13,San Bernardo,2.559,814,3.440,833,1.171,627,675,134,1.961,1.301,1.048,253,12,45
402,COMUNA,13,Buin,213,154,979,97,195,399,271,17,513,320,257,63,3,12
403,COMUNA,13,Calera de Tango,79,15,303,31,68,119,79,6,93,94,66,28,0,3
404,COMUNA,13,Paine,168,73,499,33,47,222,179,18,334,208,169,39,3,10
405,PROVINCIA,13,Provincia de Melipilla,600,328,2.265,119,372,950,782,42,1.126,760,576,184,3,24
406,COMUNA,13,Melipilla,516,314,1.698,98,312,691,563,34,892,511,379,132,1,20
407,COMUNA,13,Alhué,5,2,38,2,1,18,16,1,15,29,26,3,1,0
408,COMUNA,13,Curacaví,52,11,329,15,55,137,116,6,165,144,112,32,1,2
409,COMUNA,13,María Pinto,14,1,87,2,1,46,38,0,25,52,43,9,0,2
410,COMUNA,13,San Pedro,13,0,113,2,3,58,49,1,29,24,16,8,0,0
411,PROVINCIA,13,Provincia de Talagante,554,261,2.183,142,350,986,652,53,1.160,1.004,781,223,9,29
412,COMUNA,13,Talagante,172,102,745,36,141,323,226,19,398,273,218,55,1,8
413,COMUNA,13,El Monte,48,16,251,9,16,111,113,2,99,99,68,31,2,1
414,COMUNA,13,Isla de Maipo,42,8,215,9,14,109,81,2,92,118,93,25,0,2
415,COMUNA,13,Padre Hurtado,121,32,373,41,75,182,66,9,169,170,138,32,3,7
416,COMUNA,13,Peñaflor,171,103,599,47,104,261,166,21,402,344,264,80,3,11
417,-,-,No especifica,29,10,58,1,0,26,20,11,89,26,20,6,0,195
