s2_cellid,men,women
10836387463459504128,40170579.74129467,37359378.9490862
10836387497819242496,337570900.31523305,313947154.06849486
10836387532178980864,109468201.75002491,101807443.61650568
10836426015085953024,8672921.796799941,10326866.08632251
10836426461762551808,792169409.9312863,963680473.1639155
10836426496122290176,678899977.2706182,844079114.6076566
10836426530482028544,350055877.99427843,427113506.24846256
10836426599201505280,261787164.116016,247051066.69259787
10836426667920982016,101072305.04371811,86750318.4990617
10836426702280720384,149711730.88914108,128497518.010113
10836426771000197120,428030342.0600895,404188791.24038047
10836433746027085824,369282819.88542235,372910264.28863204
10836433952185516032,2138065753.7607172,2236652397.4671974
10836433986545254400,833459752.4823569,873555906.2284207
10836434020904992768,1483805163.5880032,1543004301.3015754
10836434055264731136,2183772318.549429,2285688058.625036
10836434089624469504,2195156702.526739,2302925047.6642118
10836434123984207872,1832332186.256541,1916173637.4030185
10836434158343946240,883940632.6594877,928960657.5708765
10836434192703684608,2081415214.1245866,2196980268.488106
10836434227063422976,1197025943.7623665,1265089223.6301894
10836434330142638080,112907849.3869506,119327825.98991689
10836434501941329920,133869495.26859233,126418502.95308626
10836435051697143808,312750974.4931504,328088000.41262895
10836435086056882176,37994275.55451514,39857480.58502152
10836435120416620544,1247170475.8427846,1288310983.44272
10836435154776358912,848183482.1929613,891694094.1421369
10836435292215312384,22377031.10406169,23649396.284267914
10836435326575050752,495947.17218872113,524146.8877890687
10836435360934789120,401611135.40755504,451695377.74811375
10836435395294527488,1307948259.4866018,1433575978.9585135
10836435464014004224,71952620.92596057,61756905.4101362
10836435498373742592,343419431.50374055,300939927.84377635
10836435532733480960,1232803248.7800715,1376932092.337785
10836435567093219328,641131309.9731792,707543944.4737183
10836435601452957696,2287024619.164701,2505374963.1582284
10836435635812696064,2074430778.9042387,2306707645.9370728
10836435670172434432,1998847859.7559967,2193290776.0693784
10836435704532172800,2073523386.2819457,2157001028.571518
10836435738891911168,2191165623.1849966,2134982267.3043742
10836435773251649536,2205678178.1289773,2334772187.192048
10836435807611387904,1517310697.3267946,1606434065.6137972
10836435841971126272,2105063311.1369734,2050536253.9189882
10836435876330864640,1344496557.1401536,1339455745.3027437
10836435910690603008,2519244184.3844233,2660839921.7006373
10836435945050341376,1871836313.2593591,1941517067.2759693
10836435979410079744,2123639622.8782575,2060704710.3506331
10836436013769818112,3101255896.1082172,3382936673.991524
10836436048129556480,2079666214.819881,2197530626.775193
10836436082489294848,1837500276.1416972,2013462792.3952289
10836436116849033216,2951312926.0490427,3269331743.0958247
10836436151208771584,1809274958.3611732,1901490402.1893172
10836436185568509952,1755251141.5563505,1829476169.761931
10836436219928248320,1381115704.629589,1467512712.1776586
10836436254287986688,1658730924.074254,1788829511.009312
10836436288647725056,1883184677.4472609,2041753723.1807823
10836436323007463424,1986497370.7039719,2221499600.705587
10836436357367201792,1394494476.514409,1541653849.9516578
10836436391726940160,1686251627.073542,1846590039.726297
10836436426086678528,2192424182.480143,2374324865.69381
10836436460446416896,1039013118.1285045,1120349598.6223636
10836436494806155264,268756422.86972576,280006691.7340399
10836436529165893632,569566465.6544455,593408782.8213757
10836436563525632000,571748016.0695778,600280380.5293285
10836436666604847104,5840726.827722424,6085222.369348014
10836437113281445888,989295268.5280364,1063195688.9333781
10836437147641184256,2306798007.197183,2486920063.1960883
10836437182000922624,2163346087.1836596,2300615276.3639355
10836437216360660992,735116380.9384181,793771340.2837527
10836437250720399360,93538494.73371165,106602758.71775614
10836437285080137728,1935246662.0068645,2187361321.865464
10836437319439876096,281690295.69531703,310752111.4556704
10836437731756736512,2187429852.1158404,2409130955.3935966
10836437766116474880,319992831.1633328,346652585.1857928
10836437800476213248,1839343371.0714493,2120250252.9545338
10836437834835951616,2034933321.9799607,2310195801.4882803
10836437869195689984,1708317244.0209832,1872764989.267519
10836437903555428352,2122508497.9238775,2349004315.3964252
10836437937915166720,586463053.4780526,673969407.9096816
10836437972274905088,86355628.6916986,101951737.20261574
10836438075354120192,1555191304.3238745,1747556175.5757885
10836438109713858560,2066933340.3951137,2341696981.280156
10836438144073596928,1787840606.7159877,2078040293.5252538
10836438178433335296,1614672339.7690353,1798866159.2536752
10836438212793073664,2116547364.629263,2392792571.291203
10836438247152812032,1709737535.4946918,1910655239.4449813
10836438281512550400,2050154185.3984296,2354899104.390031
10836438315872288768,1951097557.5178869,2265584317.695004
10836438350232027136,2102049187.1881547,2414424121.8459325
10836438384591765504,2104375784.8113127,2287506165.869876
10836438418951503872,2130492531.274517,2232450736.9560356
10836438453311242240,1640463322.437103,1871453864.684254
10836438487670980608,1736765158.2255023,1987139621.1934097
10836438522030718976,1759634269.5181122,2061929264.529439
10836438556390457344,1750288770.7836254,1934404503.593837
10836438590750195712,1687417635.7717583,1893511332.6151412
10836438625109934080,1318675155.290979,1472949568.4114604
10836438659469672448,1545875328.6206787,1594510520.5198553
10836438693829410816,1578535526.8052003,1679136101.4366026
10836438728189149184,1439256712.1204078,1581157453.8778048
10836438762548887552,1702949293.2875192,1901421241.7955136
10836438796908625920,1807265189.8796763,2035448925.8503544
10836438831268364288,1551574779.0020795,1738698955.8845875
10836438865628102656,1461757318.0633216,1568810155.9815972
10836438899987841024,1701743536.923825,1825313201.2262702
10836438934347579392,1581644432.4608734,1676535057.0687628
10836438968707317760,1387639095.4989185,1502079958.7428627
10836439003067056128,2160865295.264903,2233995992.4190807
10836439037426794496,2145159816.4018586,2255158321.7782125
10836439071786532864,1849704773.546924,1972931451.090174
10836439106146271232,1778846652.941453,1852325322.6261857
10836439140506009600,1733184297.0723329,1787060704.53461
10836439174865747968,2298217330.5050726,2484595338.894927
10836439209225486336,2405864199.221705,2533119318.7045503
10836439243585224704,1768431571.826415,1939532872.600033
10836439277944963072,1685525164.6639905,1839426152.6914392
10836439312304701440,1485646502.1722794,1545199547.224288
10836439346664439808,1345736015.7920303,1457827271.8001459
10836439381024178176,1132028660.8119802,1281639260.831555
10836439415383916544,1239298006.6021888,1375209048.5145147
10836439449743654912,1623520416.3890333,1772145861.6829395
10836439484103393280,1976250815.4917667,2070404703.5456076
10836439518463131648,1793792603.964659,1848967307.1192482
10836439552822870016,1293060112.1544757,1320933076.5400777
10836439587182608384,2069574613.0610058,2180428753.417553
10836439621542346752,2199622708.684393,2387497565.657175
10836439655902085120,1762625166.5918362,1821537596.244317
10836439690261823488,1615952747.2468553,1819269201.469299
10836439724621561856,1288601762.075484,1479833499.5240393
10836439758981300224,1948764770.8717303,2062078005.5225816
10836439793341038592,1933611973.4147234,2020046169.7184103
10836439827700776960,2120104002.0569706,2340594005.666134
10836439862060515328,1992836796.0071535,2183484538.527304
10836439896420253696,2460418982.3492813,2475238300.221814
10836439930779992064,1855173754.517334,1810179014.211062
10836439965139730432,1949988059.8296535,2062175988.7100456
10836439999499468800,1781705215.3187075,1786090882.0417662
10836440033859207168,2104521880.885542,2140741749.0763125
10836440068218945536,2102888744.2930083,2175886698.884179
10836440102578683904,1503756383.1460814,1658765694.82201
10836440136938422272,2063294365.3847866,2066728267.6032212
10836440171298160640,1548176006.8380327,1408714240.279554
10836440205657899008,2117436801.1280808,1996845203.0462449
10836440240017637376,1731721238.080424,1618848714.8563433
10836440274377375744,1649777557.7028103,1647121008.5340118
10836440308737114112,1740067373.01748,1741713773.1960177
10836440343096852480,2627126690.9762435,2251540878.950458
10836440377456590848,5102912884.988188,1414065718.654631
10836440411816329216,3786255434.541784,1413053056.097536
10836440446176067584,1736669550.2584772,1969491399.6212888
10836440480535805952,2068815605.2329564,2417587023.781769
10836440514895544320,2697525085.588419,1940200299.6275125
10836440549255282688,1556914533.8618019,1561046089.602943
10836440583615021056,1652712332.5862098,1888339045.3956113
10836440617974759424,1576500415.037949,1700947586.6593237
10836440652334497792,2067180685.6950116,2130182526.9305186
10836440686694236160,2131215082.8300853,2273026946.9555426
10836440721053974528,2365393561.6718163,2380390705.1427755
10836440755413712896,1513873556.8427,1590091154.0615141
10836440789773451264,1500663664.3247201,1696097898.6250846
10836440824133189632,1021721568.8472486,1190192813.438995
10836440858492928000,1265119726.2344458,1490065798.2066047
10836440892852666368,1496888179.9966946,1520327773.7037897
10836440927212404736,1147690036.817338,1175261974.0570052
10836440961572143104,1218693116.9891806,1160002483.4302323
10836440995931881472,1475987432.6380022,1554695073.2889805
10836441030291619840,1827713883.8966572,1934751227.9388523
10836441064651358208,1899023665.8479834,1847789938.2479622
10836441099011096576,1860002923.6789513,1877047250.5204918
10836441133370834944,2447724991.2621217,2645535616.971763
10836441167730573312,2235281184.7033925,2368422466.0893784
10836441202090311680,1321637974.063112,1341600466.9215739
10836441236450050048,1419802291.6410959,1486271001.4824104
10836441270809788416,2041209915.1153867,2127372796.5865922
10836441305169526784,1805802170.909735,1830817256.5953023
10836441339529265152,1912841181.432869,1940200844.7695942
10836441373889003520,1875684853.655596,1948826600.1881928
10836441408248741888,1433984087.2564638,1575106078.6989162
10836441442608480256,1945858029.6157846,2053356007.3965473
10836441476968218624,2287560805.231253,2345798880.793875
10836441511327956992,1357161676.2655878,1413292433.8839972
10836441545687695360,746195124.4252039,774006522.2491368
10836441580047433728,1136690017.6438308,1191189174.9059927
10836441614407172096,2500015241.881419,2652601326.393282
10836441648766910464,1598284758.593436,1756521684.5155373
10836441683126648832,896274273.544387,996212820.8599558
10836441717486387200,2245823636.2676444,2564732821.575222
10836441751846125568,1590951112.31074,1720754191.858142
10836441786205863936,1511806405.403891,1638692901.2325711
10836441820565602304,1828344185.3089316,1990942885.1801054
10836441854925340672,2065564342.3582132,2263611342.9551234
10836441889285079040,1550583339.6174312,1726375906.9847724
10836441923644817408,1804918677.2505906,1879328002.9208586
10836441958004555776,1966410358.4285965,2072845701.2000983
10836441992364294144,1060383677.85984,1109455247.3178923
10836442026724032512,907189224.7159581,917250107.4979453
10836442061083770880,1596699618.5687869,1689793544.7750778
10836442095443509248,1592973786.0520947,1723008508.3429174
10836442129803247616,1433918649.8647375,1459706167.3446054
10836442164162985984,1592979077.2583861,1654999554.5834544
10836442198522724352,1279899150.1816392,1354166001.0097032
10836442232882462720,1332047213.6253972,1437260778.1276119
10836442267242201088,1673198853.2164462,1785501296.992017
10836442301601939456,1337854231.2559972,1444876431.6689653
10836442335961677824,1628167167.1287954,1801577582.8740237
10836442370321416192,977821901.4353547,1043985105.8923243
10836442404681154560,1635423402.3516176,1768629005.8181105
10836442439040892928,1932997985.1649542,2120990956.2367837
10836442473400631296,2233239459.9374657,2473316991.0637193
10836442507760369664,2195985597.8687277,2504906020.529576
10836442542120108032,1082858688.448438,1219770588.0710871
10836442576479846400,1586694962.2344666,1811842354.2005782
10836442610839584768,536032672.98022383,511398938.66775405
10836442645199323136,2360825885.6139317,2547068528.140733
10836442679559061504,772567599.0942738,787339125.7184807
10836442713918799872,327491547.4436431,281085862.58320785
10836442748278538240,327567226.9255625,281150818.2518998
10836442782638276608,327564188.41812426,281148210.3021957
10836442816998014976,327639854.7075141,281213154.6477449
10836442851357753344,327336222.8164126,280952547.5185404
10836442885717491712,158301267.8741981,135869914.1268421
10836442920077230080,281742921.49056923,241819835.44939545
10836442954436968448,287354615.41163033,324084568.9654283
10836442988796706816,53012934.18387654,63079046.12031527
10836443023156445184,837478.8305583432,997187.7916040993
10836443057516183552,827070464.5629205,984794528.4881074
10836443091875921920,8198022.161484163,9761402.099300403
10836443126235660288,367255389.4775534,416340547.26198834
10836443160595398656,1777857468.3536115,2012109345.8325071
10836443194955137024,2475428025.5917287,2826527202.7432966
10836443229314875392,543255452.4239467,607497404.6102484
10836443435473305600,106740631.346012,127096292.54197823
10836443469833043968,165185194.94533184,196686356.41023856
10836443504192782336,370749267.7202968,441451926.934509
10836443538552520704,39588606.703229494,47138236.63430077
10836443744710950912,120947738.79391363,159049772.11338353
10836443779070689280,934274697.0364146,1187032048.1859848
10836443882149904384,291275539.32228327,360082129.2090829
10836444157027811328,17546620.845483065,22809625.195331372
10836444191387549696,81132911.20303454,102097595.36546487
10836444225747288064,88367121.2361948,89783659.76926833
10836444260107026432,1722536359.0685527,1827455358.1905823
10836444294466764800,1597691725.0333228,1712303666.6660416
10836444328826503168,1406185488.8172576,1633436449.6492748
10836444363186241536,863331664.5705577,1051804223.291919
10836444397545979904,2367342905.4275727,3077413301.235731
10836444431905718272,1413751256.3893695,1847930625.99036
10836444466265456640,1300871855.014884,1747125959.95215
10836444500625195008,2360714616.4774504,3070008950.526094
10836444534984933376,2332629613.2701735,3038719613.0328865
10836444569344671744,2281432662.6841326,2965734793.181444
10836444603704410112,1020201723.6571856,1326205150.5627544
10836444638064148480,1450989376.7265747,1887594016.1019316
10836444672423886848,361713977.94237137,469498447.56405044
10836444706783625216,873880335.3692261,1073215243.1795787
10836444741143363584,1541723356.5324066,2021167296.486698
10836444775503101952,2185347214.3450174,2864944805.037474
10836444809862840320,2216678666.5065546,2906788958.7389183
10836444844222578688,1428360917.5772762,1963033239.6616704
10836444878582317056,1460523062.458969,1903153792.8214161
10836444912942055424,2209171498.6362104,2896829625.611974
10836444947301793792,2127359935.1928923,2799670875.2805934
10836444981661532160,1515172139.9460497,1923710882.647657
10836445016021270528,1611217255.2106242,2037041891.832665
10836445050381008896,1952400042.2461112,2598551682.9454374
10836445084740747264,2098205714.3370895,2720803910.876839
10836445119100485632,1937783408.7036347,2450902546.68371
10836445153460224000,2062179421.4294631,2515835754.7887697
10836445187819962368,2657480303.808684,3393092058.7282944
10836445222179700736,2299197345.776187,2971551675.9135394
10836445256539439104,1587818184.5364716,2107042207.9934998
10836445290899177472,2687754279.0919743,3448694799.8541007
10836445325258915840,2572295445.0715666,3226313669.294697
10836445359618654208,2241615684.6861506,2756409449.1253114
10836445393978392576,1488633160.7750022,1840285660.067104
10836445428338130944,1611427854.0555403,1998375781.614177
10836445462697869312,1910104265.0729308,2423167481.98791
10836445497057607680,1362541069.6698313,1786291584.8268523
10836445531417346048,1413588803.2425447,1847168615.690268
10836445565777084416,175285502.99004403,230505502.48690763
10836445600136822784,14490592.601925362,19055548.074786242
10836445668856299520,1185403224.8781548,1550464480.0583963
10836445703216037888,22121149.679897536,29213927.566466585
10836445909374468096,1032333222.8438876,1339698565.491785
10836445943734206464,1569134328.1266963,2035617876.2999487
10836445978093944832,1986946444.729001,2471143917.7521753
10836446012453683200,409911096.67731947,510536862.87973374
10836446046813421568,23129358.689711723,28721071.77953214
10836446081173159936,901501588.2971901,1083063358.6167722
10836446115532898304,409497541.0663352,443996468.3575556
10836446837087404032,573267679.6291205,621563744.9642917
10836446871447142400,2145393309.6325552,2326136196.652955
10836446905806880768,2232475943.136939,2420555278.219451
10836446940166619136,1546491470.6973948,1676778692.1179485
10836446974526357504,1144979854.7494774,1241440938.8772464
10836447111965310976,138221266.28808415,149865989.24137917
10836447215044526080,963984.2312321503,1045196.9823919276
10836447249404264448,571477635.5168861,619622895.0584126
10836447283764002816,1429303735.6471865,1549718245.4016523
10836447318123741184,84169322.4702825,91260332.9034396
10836447352483479552,1629294438.295363,1767507037.6766756
10836447386843217920,789533566.4958135,856534701.9659665
10836447421202956288,923474408.1287733,1134414926.893045
10836447455562694656,2126306041.1256423,2611645934.8396506
10836447489922433024,2045165465.2823093,2253344241.495319
10836447524282171392,2040367403.8990216,2238700749.7504787
10836447558641909760,2208971790.2106047,2419200686.37562
10836447593001648128,1681838419.3853078,1840738137.0219774
10836447627361386496,1954378325.0646179,2302321120.1883435
10836447661721124864,1982097019.752261,2236071432.526023
10836447696080863232,2078856611.3444262,2409763075.3743796
10836447730440601600,1915019022.3833241,2366471606.0595264
10836447764800339968,1600258053.757894,2039670979.9631648
10836447799160078336,1533507645.5368974,1963949379.8781013
10836447833519816704,1689639614.4914734,2140537589.0319502
10836447867879555072,2066942796.8855002,2346572012.4973154
10836447902239293440,2221132158.4901066,2802782939.743807
10836447936599031808,2094528630.0832553,2717025001.7120676
10836447970958770176,1602504376.0499623,2057523104.9309533
10836448005318508544,2386194168.4964924,2825972885.73632
10836448039678246912,2460905577.346125,2897142429.0281296
10836448074037985280,1843261807.0156353,2169710075.529328
10836448108397723648,1999914605.550142,2391086173.5256796
10836448142757462016,2285134516.5856667,2851581477.26019
10836448177117200384,2004586236.7097733,2463368734.1438227
10836448211476938752,2607422807.2164288,3179208624.0145607
10836448245836677120,1040462904.2355897,1268544307.6101286
10836448280196415488,115018615.09311864,140470272.833764
10836448348915892224,1979749.9414360928,2379081.894143636
10836448383275630592,80948679.20453995,97276697.9402783
10836448417635368960,1991632674.738612,2389305761.6703095
10836448451995107328,1822089518.1544366,2194506416.5505548
10836448486354845696,77634918.53568964,93305288.36512652
10836448623793799168,263064033.13387004,285226380.99165714
10836448658153537536,1028565025.4136709,1115218512.8403275
10836448692513275904,336653567.9975995,365015611.23340416
10836449688945688576,4984836.324636478,5247196.131196292
10836449895104118784,239980368.09078315,252610913.77977175
10836449963823595520,1950405695.193974,2418591234.197383
10836449998183333888,1595469075.3465486,1900463395.7480688
10836450032543072256,1310568063.0930564,1513439352.5732577
10836450066902810624,269694835.5440095,283889300.57264155
10836450101262548992,380676139.9605644,410519679.1496633
10836450135622287360,1271810218.1153991,1381379324.1575987
10836450169982025728,1853538826.0373132,1986788420.340364
10836450204341764096,1791595235.5530941,1939547435.197612
10836450238701502464,2128981976.315796,2445188875.348715
10836450273061240832,1663224264.2112288,1819683003.2057788
10836450307420979200,1724236861.9911087,1896529213.5160148
10836450341780717568,2412972682.8700867,2510760179.657358
10836450376140455936,1452648635.4595304,1708056441.2989419
10836450410500194304,1539340935.0727422,1827796732.830298
10836450444859932672,1305062589.655918,1588090494.9525461
10836450479219671040,1245567590.3262346,1551874413.9367054
10836450513579409408,1702397844.7512891,2136524588.9254608
10836450547939147776,1345959221.9886892,1682776753.8591723
10836450582298886144,1488950579.920584,1812346127.2492428
10836450616658624512,1658271255.115383,2035189986.3255472
10836450651018362880,1724413518.087595,1958788329.2117286
10836450685378101248,2376190556.5397606,2934991085.459742
10836450719737839616,2177524315.2052765,2635933388.5209618
10836450754097577984,1731400333.2025552,2207700855.007901
10836450788457316352,1815502918.0646029,2180447392.8612328
10836450822817054720,2075470895.5901582,2413410763.3004627
10836450857176793088,1950572403.5149615,2288562354.095948
10836450891536531456,2006387233.4364932,2638240025.694042
10836450925896269824,1704252979.8485835,2103513738.2190738
10836450960256008192,1744685847.2969334,2172523734.315794
10836450994615746560,1428343760.7457623,1720381937.2600465
10836451028975484928,1418640609.0680308,1723016346.5606468
10836451063335223296,1531895031.8091552,1801020594.1201038
10836451097694961664,1449143708.6962655,1724797172.0210469
10836451132054700032,1666720787.1561098,2140729527.7871282
10836451166414438400,1612115738.6377378,2067817609.713274
10836451200774176768,1675354898.3179245,2221668794.150782
10836451235133915136,1921746839.041336,2446065330.2945027
10836451269493653504,1576002177.7270248,2018040024.9956584
10836451303853391872,1673560157.1570055,2032728153.1502028
10836451338213130240,1429751376.3343246,1727816238.8128858
10836451372572868608,1567089112.8503702,1948915890.6249952
10836451406932606976,1717421581.8252468,1720287904.340601
10836451441292345344,1567389825.886466,2007451736.4765103
10836451475652083712,1248518070.7699583,1645727286.5097163
10836451510011822080,1213416813.3419943,1410162014.7987494
10836451544371560448,1045439522.3693777,1181650923.988182
10836451578731298816,654776746.4664972,810130911.6382067
10836451613091037184,1499688724.569408,1575896025.7421124
10836451647450775552,1353392185.1199446,1505836221.0626512
10836451681810513920,1091427044.400032,1244791780.6486087
10836451716170252288,1207836974.8230488,1417122217.4457278
10836451750529990656,1483289332.7678664,1845901944.1543856
10836451784889729024,1421523507.4947343,1692537393.6516232
10836451819249467392,1538926449.9407916,1760599605.1509137
10836451853609205760,1528360631.336352,1887535582.8961194
10836451887968944128,1464080813.5085492,1877405427.2822604
10836451922328682496,1531215128.5113006,1904397011.1783469
10836451956688420864,1970577894.9643264,2480230271.6376724
10836451991048159232,1697757040.5624511,2114773287.199423
10836452025407897600,1723163293.3681216,2162743713.6490564
10836452059767635968,1705421833.7266104,2129383671.776194
10836452094127374336,1801747881.6984096,2211466368.1593184
10836452128487112704,1778064912.5268424,2291876308.615661
10836452162846851072,1916139795.0168748,2218485669.142179
10836452197206589440,1961204358.3086329,2297773354.5606146
10836452231566327808,1289382068.2566614,1550905023.8394327
10836452265926066176,1430799767.5578995,1752095970.7547922
10836452300285804544,1302604905.2584457,1434836275.9603841
10836452334645542912,578695945.3208703,643684068.3738837
10836452369005281280,1537529926.3249664,1705364698.1661594
10836452403365019648,1946444450.7497406,2310613540.9665112
10836452437724758016,1983260359.718886,2318633704.816203
10836452472084496384,1696907418.2671485,1962956419.6375456
10836452506444234752,2054577766.1395807,2400976398.120725
10836452540803973120,1587642690.9998984,1838375632.0305636
10836452575163711488,1915398497.1893852,2263766066.2553334
10836452609523449856,1957134596.8062053,2319714519.7267513
10836452643883188224,1748725360.1455817,1957025335.7942975
10836452678242926592,1695844559.0714042,1932315343.482053
10836452712602664960,1975650140.5123901,2142419341.7705288
10836452746962403328,1286806141.2593822,1503122599.1363606
10836452781322141696,1671618938.0935926,1943602254.6522408
10836452815681880064,1487768138.4972022,1709244643.1626105
10836452850041618432,1580777961.577262,1869404465.3666332
10836452884401356800,1618728387.6259608,1737444995.262745
10836452918761095168,2377329900.9658523,2419355632.4209723
10836452953120833536,1656453304.6886518,1863148712.5809236
10836452987480571904,1825149227.7262387,1965961506.9867463
10836453021840310272,1902113359.3208528,2048751869.491508
10836453056200048640,1806556985.060389,2007653031.052246
10836453090559787008,915893136.5563964,1000194006.3965889
10836453124919525376,1323607440.405015,1507384116.5268805
10836453159279263744,1445633737.6382895,1668695488.943796
10836453193639002112,1522363152.671146,1720116322.6714323
10836453227998740480,1679481805.6884418,1863511608.894696
10836453262358478848,1678376167.1253254,1892792753.6386337
10836453296718217216,1779650432.4003665,2037568867.0987735
10836453331077955584,1805073685.8264918,2178757030.617408
10836453365437693952,1752398302.821132,2111344762.8575475
10836453399797432320,1630767767.3601487,1946279094.507222
10836453434157170688,1641716461.3032086,1941504595.4697707
10836453468516909056,1655818643.7322032,1943871307.9848118
10836453502876647424,2048824639.6188323,2237726346.4456205
10836453537236385792,2029458575.9665685,2237641774.4744105
10836453571596124160,1740041397.4453604,2005580459.1067526
10836453605955862528,1886422471.779501,2174723781.9666867
10836453640315600896,1909155240.8726754,2172438720.3036065
10836453674675339264,1873793007.2500968,2135917303.893652
10836453709035077632,1912015522.8927445,2162719918.124877
10836453743394816000,2064868870.1535249,2276273380.463663
10836453777754554368,1283025110.0955548,1428254090.594593
10836453812114292736,396233117.0516541,443076294.6640514
10836453846474031104,218108678.99389833,238326298.93278217
10836453880833769472,1002823380.0659145,1095677396.7386844
10836453915193507840,1624706895.9411352,1785953732.4701457
10836453949553246208,1962210485.0383358,2082251787.486064
10836453983912984576,2735687059.9685125,3007866253.2855663
10836454018272722944,2331938967.1819367,2586482594.195727
10836454052632461312,2175584764.433015,2422943191.7702265
10836454086992199680,2187150291.108478,2474604703.4145336
10836454121351938048,1983235331.8372734,2191507493.129213
10836454155711676416,1755794072.7330494,1922440048.7796228
10836454190071414784,1465592520.0312934,1597007055.021207
10836454224431153152,2011521290.8635488,2199559845.0746384
10836454258790891520,1925005332.4011898,2199872797.2487755
10836454293150629888,1973732124.9580655,2280536852.514646
10836454327510368256,1606416455.3066,1830981029.6293952
10836454361870106624,2240315216.9366255,2476064673.757754
10836454396229844992,2351651554.4610815,2676073864.419565
10836454430589583360,2146805011.5038269,2455315478.1380033
10836454464949321728,2816494876.59279,3178362322.0463624
10836454499309060096,2658244238.247469,2943852700.1460295
10836454533668798464,2289252383.795372,2481544380.3999968
10836454568028536832,1920828189.407487,2018120951.6579835
10836454602388275200,620149529.0660998,656162541.6633701
10836454636748013568,931912597.3322804,1003189332.7956924
10836454671107751936,2551133306.2164264,2812574568.979355
10836454705467490304,2508594079.6484146,2787836718.5916705
10836454739827228672,1965785787.5381951,2176347549.1940413
10836454774186967040,228854116.70063883,254167292.00186586
10836454808546705408,913276345.8276185,1014292331.7914577
10836456560893362176,2086433977.8618004,2295053703.391816
10836456595253100544,518144917.7657628,566970901.9923763
10836456767051792384,1073715.68380669,1200651.7028250513
10836456835771269120,47499418.765566,52086590.0482219
10836456870131007488,462846506.3096449,504012371.55529803
10836456904490745856,1830190802.8556101,1940992985.353436
10836456938850484224,2619610653.446091,2800227995.9333153
10836456973210222592,2619415487.579169,2800019373.738377
10836457007569960960,1437947778.0138562,1526386848.3648915
10836457041929699328,53804289.298217505,56629931.0312686
10836457076289437696,378868181.80224866,404950361.3250205
10836457110649176064,53918215.08540765,57270642.966365635
10836457591685513216,61354363.168000355,65041189.979682915
10836457694764728320,484300794.5611797,513402769.7445612
10836457729124466688,624690321.4005145,662228401.9381871
10836457763484205056,21798683.477055073,23108581.690528907
10836457832203681792,336204258.4725997,356429547.05363065
10836457866563420160,215214669.28608721,228147732.04496115
10836457969642635264,231226545.83245134,245121111.51172563
10836458588117925888,87250034.90277891,92674907.53922112
10836458622477664256,731195585.0479572,791962096.6197196
10836458656837402624,135078627.5512645,150826977.15760183
10836458691197140992,822527891.633849,863480650.2668643
10836458725556879360,1470118176.896003,1610773998.2614214
10836458759916617728,1467212602.072216,1595453778.455739
10836458794276356096,1680894327.5316918,1754587394.6783948
10836458966075047936,21011155.438151263,23061844.208914828
10836459000434786304,109314398.59004264,119983483.8924308
10836459034794524672,314185392.5326427,344849886.8438287
10836459069154263040,37355501.20465927,41001398.12223402
10836459137873739776,129300656.27682525,124276704.39694859
10836459172233478144,498186656.2978334,480555906.34387106
10836459206593216512,98406023.75679831,108010451.67546183
10836459240952954880,1008099295.5177476,1143100933.8060734
10836459275312693248,1024257823.823961,1080824556.6934896
10836459309672431616,1556996813.4594898,1473222110.3370275
10836459344032169984,2304915670.3457165,2140912520.5422344
10836459378391908352,2128509372.3455539,2285223101.9243793
10836459412751646720,1099712185.440843,1257578775.882005
10836459447111385088,1625130767.4669771,1758511479.1923916
10836459481471123456,1965421635.902502,2151001291.880388
10836459515830861824,2510959769.956997,2695282055.713785
10836459550190600192,2603444299.616222,2823772079.5881763
10836459584550338560,1385587648.0107949,1482980809.9351144
10836459618910076928,2130918706.8595827,2268376507.315483
10836459653269815296,1170047582.4514332,1270187984.2177806
10836459687629553664,1105539189.206715,1228148201.247788
10836459721989292032,1590679642.0485399,1796489301.2695782
10836459756349030400,1059998217.9552276,1134490524.9828439
10836459790708768768,1726066871.811059,1977012452.9713879
10836459825068507136,1678306836.7163358,1887241705.2658837
10836459859428245504,1791626122.6046917,2019060553.4436817
10836459893787983872,2019009940.9581187,2300164293.1473055
10836459928147722240,2002835417.7237463,2256401921.0471773
10836459962507460608,2003546766.796111,2282345748.9428086
10836459996867198976,2102356762.0911467,2337320566.7693806
10836460031226937344,1825309047.9708107,2049731835.189466
10836460065586675712,1935735190.0570242,2216740428.7321777
10836460099946414080,2029649120.8539143,2261313528.018733
10836460134306152448,2202655796.7043743,2469858609.3861203
10836460168665890816,2191243422.344492,2566754716.9281087
10836460203025629184,2101744512.9998536,2454078865.7312326
10836460237385367552,1671375275.0509777,1932580256.438492
10836460271745105920,1520232420.993617,1708361189.4641511
10836460306104844288,1768926953.9578204,1982311791.2830558
10836460340464582656,1688594996.8087547,1875247108.8842494
10836460374824321024,1593896225.5319645,1804803379.0689297
10836460409184059392,280339458.2357171,313024823.29697454
10836460443543797760,1405150211.5475647,1520553717.9653718
10836460477903536128,806478931.4933709,844575801.4783851
10836460512263274496,1730715483.080837,1878300803.0026388
10836460546623012864,2193100010.3911257,2390906136.8997517
10836460580982751232,1912968582.9036345,2106730915.1492188
10836460615342489600,1953138752.8142133,2139239476.9123483
10836460649702227968,1799997707.6015043,1972948276.6194246
10836460684061966336,1678398594.5730517,1886127903.6628153
10836460718421704704,1897039591.753299,2098137284.5511942
10836460752781443072,1830380777.305951,1997400492.1263535
10836460787141181440,1948561399.322501,2060325730.6937785
10836460821500919808,2067207143.1463048,2205398709.0747285
10836460855860658176,1950541235.6459386,2197382672.867014
10836460890220396544,1031822963.070182,1201685755.7238135
10836460924580134912,782442338.1121329,831511221.9226799
10836461062019088384,274727443.38652104,342169117.9612843
10836461096378826752,94381690.5347701,118469423.17081352
10836461268177518592,6989503.744396172,4447866.019161201
10836461302537256960,1126130346.5041704,1210690462.8837035
10836461336896995328,1618586562.505739,1678703126.430039
10836461371256733696,1130108014.9474027,1087101790.2770998
10836461405616472064,25163913.21235311,24206301.293066945
10836461474335948800,6907736.69668901,6644862.995757927
10836461543055425536,601919014.1392136,637631412.2377965
10836461577415163904,2745786533.236855,2901642437.2442226
10836461680494379008,178606911.22878,179142402.01700467
10836461714854117376,43037685.60699163,45405254.14124721
10836461749213855744,4515615383.723868,4764026253.047388
10836461783573594112,3559331589.356675,3752538267.899759
10836461921012547584,312418499.73924726,324422225.405453
10836461955372285952,1017131917.7952698,1058230590.3014811
10836461989732024320,2248136239.14895,2362745263.046269
10836462024091762688,651796827.6736813,666583424.1690432
10836462058451501056,1163313842.533707,1337417607.050966
10836462092811239424,2286871073.8445187,2430515729.7452507
10836462127170977792,4557051680.990349,4811344152.218008
10836462161530716160,4574634936.545951,4826292561.22345
10836462195890454528,3790762595.487269,4002370541.26778
10836462230250192896,2307663513.241953,2440561635.829584
10836462264609931264,2262474707.6761446,2396683564.0132275
10836462298969669632,2439846815.77662,2603471393.697171
10836462333329408000,3025239698.842315,3263364187.380692
10836462367689146368,3255548341.3922963,3588706294.9207134
10836462402048884736,1849311616.231582,2041998056.4579709
10836462436408623104,1602077868.8144023,1815618652.250104
10836462470768361472,1785181355.1327233,1976906082.1361434
10836462505128099840,2067871996.3857589,2246046902.6399474
10836462539487838208,1665044840.5971422,1855647242.4032164
10836462573847576576,1684076722.4481347,1874748304.5438197
10836462608207314944,904948945.984712,1036978857.1189917
10836462642567053312,1662664155.9986145,1810162197.4024432
10836462676926791680,2013427250.4536128,2120834304.648383
10836462711286530048,1750353543.1775362,1841986740.168378
10836462745646268416,2173933607.832409,2362856813.549867
10836462780006006784,2554847091.437077,2731706448.23405
10836462814365745152,2000846465.2880745,2112925459.2751484
10836462848725483520,2361350822.5342646,2454952757.64951
10836462883085221888,1093746805.7187421,958790269.4857244
10836462917444960256,1282311599.7972462,1243928375.6077335
10836462951804698624,128117815.94582096,107225114.92711547
10836462986164436992,7963.838707898732,5702.501790841067
10836463020524175360,15274310.557694547,10937160.646250416
10836463054883913728,219026302.11521336,174552519.34312055
10836463089243652096,466503729.6236559,390832201.1267005
10836463123603390464,676499464.4867213,639808752.0236924
10836463157963128832,1126270559.1893764,1188538542.8766148
10836463192322867200,735840052.2385069,709054849.8722636
10836463226682605568,1265955180.7227473,1285279186.8982146
10836463261042343936,1206631440.029757,1117204714.5867972
10836463295402082304,1661163449.6813476,1761529865.0351682
10836463329761820672,512817584.745031,531247058.4300357
10836463364121559040,949861374.5904235,1052165900.0866119
10836463398481297408,1831142706.5792515,2020559093.0402322
10836463432841035776,1919572413.1703067,2034878796.6403234
10836463467200774144,482285815.11777747,503776050.2761707
10836463501560512512,278720256.14028007,270911700.41454166
10836463535920250880,1955750374.9352126,2038107056.7995377
10836463570279989248,1929855469.4938345,2055065201.7380223
10836463604639727616,1537787083.755219,1633504843.6416385
10836463638999465984,2095609789.984642,2225222760.1916304
10836463673359204352,1793925897.2010884,1986855568.1407018
10836463707718942720,1737708475.2146788,1978798492.8152838
10836463742078681088,1785237871.5426903,1908150066.3804078
10836463776438419456,1649568840.1421738,1741259001.1853924
10836463810798157824,1886100939.622847,1997235780.995212
10836463845157896192,1951522054.984611,2160293313.0547757
10836463879517634560,1932213154.3882675,2043458272.861535
10836463913877372928,1693107572.5881143,1818863723.576973
10836463948237111296,1653301723.8452327,1834335357.3293576
10836463982596849664,2226923588.936514,2407357500.917866
10836464016956588032,1804074627.8713408,1958934501.0187843
10836464051316326400,1963525105.5267947,2110714952.4009182
10836464085676064768,1729560581.3256068,1863179174.3846304
10836464120035803136,2213705378.3801937,2432132481.592768
10836464154395541504,2294677560.0548916,2642971178.3933263
10836464188755279872,2013488916.4575038,2383929397.2936897
10836464223115018240,2314694303.119486,2745070078.321455
10836464257474756608,2062083024.2363687,2312177233.091953
10836464291834494976,2296097111.1520214,2648855049.2690167
10836464326194233344,1808652501.8662598,2026968934.19145
10836464360553971712,2119115634.0558543,2324123333.292964
10836464394913710080,2176153315.166006,2488742442.0196204
10836464429273448448,1877521256.2273808,2152861457.6076326
10836464463633186816,2037960694.782079,2264434265.7714415
10836464497992925184,530496521.20034856,526505820.4209337
10836464532352663552,1919500742.1746325,1991830871.3857372
10836464566712401920,1595927658.688516,1803825674.934501
10836464601072140288,1709589281.6069658,1904422128.3312464
10836464635431878656,1611757385.23903,1803578361.548133
10836464669791617024,1662136058.2433598,1748701759.4077594
10836464704151355392,1833069589.0195096,1877376517.8459933
10836464738511093760,2091315372.598996,2163176727.5332866
10836464772870832128,1765704487.8269267,1723604184.736166
10836464807230570496,1742185772.6656685,1823916361.8262079
10836464841590308864,1425927438.1171422,1586785495.2574506
10836464875950047232,1093824228.112484,1212201306.616047
10836464910309785600,2367079915.1742425,2478525212.3863106
10836464944669523968,937335972.7904866,924377796.3741766
10836464979029262336,253592874.08630323,208270484.0980785
10836465013389000704,216534264.3746307,169002352.6826386
10836465047748739072,1977500824.864623,1995148064.5245907
10836465082108477440,3983266441.215313,3969343329.2536006
10836465116468215808,890105886.723925,851754742.2306992
10836465150827954176,1812810425.6574602,1878207208.7194219
10836465185187692544,1962981080.1865892,2209890024.1741023
10836465219547430912,1675456415.0956433,1796068730.1632261
10836465253907169280,1663879306.002521,1652744925.7578964
10836465288266907648,714938688.7762009,599116810.3708981
10836465322626646016,1705109146.3319635,1851005993.8567119
10836465356986384384,2165030767.759395,2288376603.295014
10836465391346122752,1955837144.8085077,2139521480.8621905
10836465425705861120,2209232401.148749,2217352775.1749763
10836465460065599488,1941051312.1909945,1958896103.8014913
10836465494425337856,1583432356.7879586,1664086203.315871
10836465528785076224,1181297499.9509156,1299513671.1803522
10836465597504552960,245518049.48449036,270807462.30692714
10836465872382459904,94744911.62753832,99125125.04042222
10836465906742198272,1120699955.6812494,1172271475.2401443
10836465941101936640,552046952.8312873,595654990.3521029
10836465975461675008,914917554.0744737,988012161.0803005
10836466009821413376,515857158.68613756,568992660.0100316
10836466044181151744,1071724532.1605885,1171320702.3784864
10836466078540890112,259312207.20828912,219133611.56249824
10836466112900628480,216582639.73310748,169040109.05998632
10836466147260366848,215657463.25877813,171855599.7079923
10836466181620105216,89307523.17069384,51383883.87841349
10836466215979843584,479432949.1375474,488046666.7922856
10836466250339581952,858924172.2502297,959270555.9040475
10836466284699320320,1422210718.7888718,1575317772.4996562
10836466319059058688,1206997574.3827426,1353606892.2409532
10836466353418797056,385171309.33975786,403970674.4506717
10836466387778535424,505672103.55321795,525075280.4918045
10836466422138273792,1520309711.2533154,1746299146.1151166
10836466456498012160,1565076425.783012,1781463511.5211554
10836466490857750528,1765195531.3395133,1974028453.761148
10836466525217488896,1032127892.6897788,1055735550.7149847
10836466559577227264,144777089.4821776,112817984.24687871
10836466593936965632,880389034.728344,890759680.6268082
10836466628296704000,1189837576.0473628,1227100434.8562863
10836466662656442368,2077068109.1716173,2286818304.0303597
10836466697016180736,2131740208.258305,2257738949.4791484
10836466731375919104,2069945421.7377892,2330579765.678721
10836466765735657472,1901850922.3872397,2109420077.3631248
10836466800095395840,2247987625.954657,2547106032.3463845
10836466834455134208,1576826408.970289,1769596746.6217382
10836466868814872576,2104826128.2579923,2325359844.472873
10836466903174610944,1928976345.9829087,2204059132.20641
10836466937534349312,1934883670.807282,2192257289.382562
10836466971894087680,1813082962.134759,2051616754.1819236
10836467040613564416,29159654.82231643,33183855.740714144
10836467074973302784,536704588.63155913,594649942.2284137
10836467109333041152,2319044663.0533023,2546870617.3195395
10836467143692779520,1815711801.899763,1995047180.1819637
10836467178052517888,2354530835.3817616,2546351159.088405
10836467212412256256,2600959984.995854,2736145491.2819304
10836467246771994624,2195258380.8505383,2330664454.94156
10836467281131732992,1517810487.4197865,1590084255.2040584
10836467315491471360,1871060903.0638585,2009248564.8590186
10836467349851209728,1773694027.2490926,2002351404.990638
10836467384210948096,1494666094.1382108,1570311636.2448068
10836467418570686464,336011357.13294667,352530233.8045555
10836467452930424832,976663344.7865204,1125929286.1245093
10836467590369378304,151599541.94448408,158170319.44900662
10836467624729116672,1094075.3132144632,1039027.4987131066
10836467693448593408,1871348772.642751,1998589506.172696
10836467727808331776,387933544.2339536,398160263.3262371
10836467796527808512,259807233.4629937,242739451.36572197
10836467830887546880,199861354.5466529,186857871.01283407
10836468002686238720,15206884.424433421,14201470.578189889
10836468037045977088,263280726.69804013,275493915.2046218
10836468071405715456,239965749.68572834,253322192.28862378
10836468105765453824,639946233.3029983,671257488.9234649
10836468140125192192,108146649.11167505,111229390.58133288
10836468243204407296,252348824.82411653,262349652.1992836
10836468827319959552,413434700.9824129,431369893.22974706
10836469239636819968,358720986.11001515,369778969.6522474
10836469273996558336,1112846582.7704813,1147151347.9606936
10836469308356296704,158229393.77033398,163106995.3045613
10836469377075773440,36037681.97670498,37148584.62703497
10836470236069232640,29462006.603178658,29516015.88700909
10836470407867924480,55104719.853238106,55251016.403373264
10836470717105569792,20035030.28872815,20714684.708552264
10836470820184784896,264871290.41880664,273856599.6808016
10836470854544523264,628940636.3319129,669271920.7431462
10836470888904261632,14140015.98516558,15245678.028058482
10836471198141906944,121122352.991798,130587389.16620944
10836471232501645312,1263073886.5575137,1368767939.6558127
10836471266861383680,1476059602.8664453,1640262693.1013057
10836477382894813184,866674057.9667947,943246806.0729756
10836477417254551552,1940737019.3845024,2149250094.0447645
10836477451614289920,1925345445.9397385,2122119553.7268472
10836477485974028288,143593244.6350596,153679704.0074778
10836477692132458496,743206576.5997275,798844329.6756748
10836477726492196864,20433474.204614,21963160.065954734
10836477795211673600,235014875.99880633,251444011.80431542
10836477829571411968,1634130979.939063,1755197804.2453864
10836477863931150336,192102967.01028523,204737264.86015588
10836477898290888704,107111334.09487237,114599143.73532616
10836478001370103808,169571145.21063974,174041386.29703623
10836478035729842176,1022745827.0435965,1068661780.3107797
10836478070089580544,2313353168.6423473,2479716557.1676064
10836478104449318912,1778574446.545072,1906346578.8460417
10836478138809057280,3103772588.9720654,3336126470.579502
10836478173168795648,2976044076.352492,3194706590.0816956
10836478207528534016,1269860735.7013624,1364924746.5407667
10836478310607749120,545816238.6858089,586677003.4704548
10836478344967487488,36358064.29525876,39079893.01323645
10836478757284347904,1539530.7546912995,1547517.9440801
10836478791644086272,257661652.28195795,258998418.31195515
10836479891155714048,278545520.51181495,299516476.3664401
10836480475271266304,1521262782.1250029,1630171976.2499657
10836480509631004672,707121191.4465024,759823559.3563195
10836480543990743040,892706095.7214105,959915577.6406661
10836480647069958144,1099610257.569858,1180495559.3119226
10836480681429696512,149531517.7679406,164733921.8605154
10836480784508911616,346967241.72731394,382243122.14572066
10836480818868649984,59926991.79316007,66019720.852555715
10836480853228388352,355710492.5730435,385286403.820542
10836481471703678976,11181880.100931179,10953011.209976448
10836481506063417344,8112802.680859673,7946751.163999972
10836482055819231232,145824800.7291325,136628896.09849128
10836482090178969600,180921524.3917048,171549463.44348586
10836482743013998592,205686983.21541834,195032026.87768272
10836482777373736960,215106934.43782204,201587050.6516671
10836548507553234944,192766739.7613514,192998988.84540123
10836548541912973312,17568668.766372107,17589835.837174967
10836548576272711680,263834440.28278187,264152313.10239968
10836548679351926784,67059113.77220647,67139907.88518503
10843879913648291840,21087625.66473861,22864194.243533667
